{
  "final": {
    "median_ms": 25.8321,
    "min_ms": 24.7349,
    "rmse": 0.927118,
    "rmse_base": 1.02172,
    "samples_ms": [
      24.73,
      25.22,
      25.25,
      25.41,
      25.78,
      25.83,
      25.86,
      26.6,
      28.78,
      30.43,
      35.5
    ]
  },
  "noprefetch": {
    "median_ms": 30.5783,
    "min_ms": 27.4405,
    "rmse": 0.927118,
    "rmse_base": 1.02172,
    "samples_ms": [
      27.44,
      28.75,
      28.91,
      30.0,
      30.3,
      30.58,
      30.59,
      31.07,
      31.17,
      33.14,
      37.26
    ]
  },
  "nosimd": {
    "median_ms": 54.806,
    "min_ms": 51.105,
    "rmse": 0.927118,
    "rmse_base": 1.02172,
    "samples_ms": [
      51.1,
      51.31,
      52.23,
      52.9,
      54.62,
      54.81,
      55.65,
      56.76,
      57.15,
      59.34,
      64.91
    ]
  },
  "biasonly": {
    "median_ms": 28.4248,
    "min_ms": 25.4988,
    "rmse": 0.931145,
    "rmse_base": 1.02172,
    "samples_ms": [
      25.5,
      26.1,
      26.37,
      27.03,
      27.72,
      28.42,
      28.65,
      31.4,
      31.76,
      32.17,
      41.01
    ]
  },
  "nobias": {
    "median_ms": 25.8229,
    "min_ms": 24.8809,
    "rmse": 1.0022,
    "rmse_base": 1.02172,
    "samples_ms": [
      24.88,
      25.4,
      25.48,
      25.53,
      25.58,
      25.82,
      25.96,
      26.2,
      26.23,
      27.04,
      27.78
    ]
  }
}