{
  "final": {
    "variant": "final",
    "time_runs": [
      0.0312793,
      9.983e-06,
      3.35e-07,
      5.13e-07,
      8.02e-07,
      3.26e-07,
      4e-07,
      3.85e-07,
      3.86e-07,
      4.93e-07
    ],
    "time_first": 0.0312793,
    "time_total": 0.0312929,
    "rmse_base": 1.02172,
    "rmse": 0.927118,
    "improvement": 0.09460199999999996,
    "valid": true
  },
  "ud4": {
    "variant": "ud4",
    "time_runs": [
      0.0174722,
      3.75e-07,
      3.7e-07,
      3.87e-07,
      5.87e-07,
      3.45e-07,
      6.29e-07,
      4.01e-07,
      4.05e-07,
      5.43e-07
    ],
    "time_first": 0.0174722,
    "time_total": 0.0174763,
    "rmse_base": 1.02172,
    "rmse": 0.927965,
    "improvement": 0.09375499999999992,
    "valid": true
  },
  "ud8": {
    "variant": "ud8",
    "time_runs": [
      0.0215387,
      6.31e-07,
      3.27e-07,
      2.42e-07,
      2.65e-07,
      3.44e-07,
      2.26e-07,
      4.65e-07,
      3.12e-07,
      2.12e-07
    ],
    "time_first": 0.0215387,
    "time_total": 0.0215417,
    "rmse_base": 1.02172,
    "rmse": 0.927489,
    "improvement": 0.09423099999999995,
    "valid": true
  },
  "ud16": {
    "variant": "ud16",
    "time_runs": [
      0.0275136,
      1.047e-06,
      3.72e-07,
      3.32e-07,
      3.35e-07,
      3.22e-07,
      4.9e-07,
      3.36e-07,
      4.22e-07,
      4.62e-07
    ],
    "time_first": 0.0275136,
    "time_total": 0.0275177,
    "rmse_base": 1.02172,
    "rmse": 0.927118,
    "improvement": 0.09460199999999996,
    "valid": true
  },
  "ud32": {
    "variant": "ud32",
    "time_runs": [
      0.0302684,
      3.33e-07,
      2.2e-07,
      2.33e-07,
      2.49e-07,
      2.81e-07,
      3.6e-07,
      5.72e-07,
      3.34e-07,
      2.6e-07
    ],
    "time_first": 0.0302684,
    "time_total": 0.0302713,
    "rmse_base": 1.02172,
    "rmse": 0.92701,
    "improvement": 0.09470999999999996,
    "valid": true
  },
  "ud64": {
    "variant": "ud64",
    "time_runs": [
      0.048802,
      3.65e-07,
      6.02e-07,
      3.6e-07,
      4.44e-07,
      4.82e-07,
      4.6e-07,
      4.3e-07,
      4.36e-07,
      6.85e-07
    ],
    "time_first": 0.048802,
    "time_total": 0.0488063,
    "rmse_base": 1.02172,
    "rmse": 0.927401,
    "improvement": 0.09431899999999993,
    "valid": true
  },
  "ud128": {
    "variant": "ud128",
    "time_runs": [
      0.0755857,
      9.69e-07,
      7.27e-07,
      6.71e-07,
      6.43e-07,
      7.17e-07,
      5.92e-07,
      1.073e-06,
      5.19e-07,
      6.72e-07
    ],
    "time_first": 0.0755857,
    "time_total": 0.0755923,
    "rmse_base": 1.02172,
    "rmse": 0.928392,
    "improvement": 0.09332799999999997,
    "valid": true
  },
  "ud256": {
    "variant": "ud256",
    "time_runs": [
      0.16926,
      4.34e-07,
      4.51e-07,
      4.3e-07,
      5.18e-07,
      4.52e-07,
      3.76e-07,
      4.4e-07,
      5.21e-07,
      6.7e-07
    ],
    "time_first": 0.16926,
    "time_total": 0.169264,
    "rmse_base": 1.02172,
    "rmse": 0.930517,
    "improvement": 0.09120299999999992,
    "valid": true
  },
  "ud512": {
    "variant": "ud512",
    "time_runs": [
      0.291818,
      8.74e-07,
      5.03e-07,
      6.55e-07,
      4.69e-07,
      5.85e-07,
      6.1e-07,
      5.46e-07,
      7.35e-07,
      7.44e-07
    ],
    "time_first": 0.291818,
    "time_total": 0.291824,
    "rmse_base": 1.02172,
    "rmse": 0.934143,
    "improvement": 0.08757700000000002,
    "valid": true
  },
  "ud1024": {
    "variant": "ud1024",
    "time_runs": [
      0.629684,
      4.74e-07,
      5.32e-07,
      5.12e-07,
      4.68e-07,
      6.23e-07,
      6.65e-07,
      6.51e-07,
      6.44e-07,
      5.82e-07
    ],
    "time_first": 0.629684,
    "time_total": 0.629689,
    "rmse_base": 1.02172,
    "rmse": 0.938167,
    "improvement": 0.08355299999999999,
    "valid": true
  },
  "nobias": {
    "variant": "nobias",
    "time_runs": [
      0.0241054,
      4.89e-07,
      6.16e-07,
      4.65e-07,
      5.58e-07,
      5.8e-07,
      5.94e-07,
      5.46e-07,
      8.28e-07,
      4.65e-07
    ],
    "time_first": 0.0241054,
    "time_total": 0.0241106,
    "rmse_base": 1.02172,
    "rmse": 1.0022,
    "improvement": 0.019519999999999982,
    "valid": true
  },
  "biasonly": {
    "variant": "biasonly",
    "time_runs": [
      0.0255864,
      5.35e-07,
      5.05e-07,
      4.91e-07,
      6.48e-07,
      3.87e-07,
      4.66e-07,
      4.34e-07,
      6.27e-07,
      3.78e-07
    ],
    "time_first": 0.0255864,
    "time_total": 0.0255909,
    "rmse_base": 1.02172,
    "rmse": 0.931145,
    "improvement": 0.09057499999999996,
    "valid": true
  },
  "noprefetch": {
    "variant": "noprefetch",
    "time_runs": [
      0.0259857,
      7.72e-07,
      6.49e-07,
      6.74e-07,
      4.01e-07,
      5.78e-07,
      5.28e-07,
      7.62e-07,
      7.47e-07,
      6.01e-07
    ],
    "time_first": 0.0259857,
    "time_total": 0.0259914,
    "rmse_base": 1.02172,
    "rmse": 0.927118,
    "improvement": 0.09460199999999996,
    "valid": true
  },
  "nosimd": {
    "variant": "nosimd",
    "time_runs": [
      0.0523369,
      3.83e-07,
      3.34e-07,
      3.23e-07,
      4.85e-07,
      3.51e-07,
      5.5e-07,
      4.62e-07,
      3.07e-07,
      4.09e-07
    ],
    "time_first": 0.0523369,
    "time_total": 0.0523405,
    "rmse_base": 1.02172,
    "rmse": 0.927118,
    "improvement": 0.09460199999999996,
    "valid": true
  }
}